draw_no,draw_date,main_1,main_2,main_3,main_4,main_5,main_6,special
1,2018-06-03,3,4,22,42,44,48,33
2,2018-06-06,9,10,13,36,41,45,42
3,2018-06-09,9,10,11,34,37,48,29
4,2018-06-12,5,19,30,31,32,42,7
5,2018-06-15,1,5,7,15,19,39,6
6,2018-06-18,5,6,10,17,35,49,48
7,2018-06-21,3,4,7,12,33,38,34
8,2018-06-24,13,14,26,27,29,40,24
9,2018-06-27,10,19,32,36,48,49,11
10,2018-06-30,9,22,23,27,32,45,10
11,2018-07-03,24,30,33,34,44,49,38
12,2018-07-06,2,9,17,29,44,49,27
13,2018-07-09,21,26,38,42,45,47,41
14,2018-07-12,4,13,14,33,35,42,47
15,2018-07-15,5,25,28,38,39,47,10
16,2018-07-18,18,21,24,37,39,43,10
17,2018-07-21,10,25,26,32,35,47,28
18,2018-07-24,9,20,25,35,41,45,12
19,2018-07-27,16,23,26,30,35,38,37
20,2018-07-30,6,14,28,40,43,45,34
21,2018-08-02,3,10,22,26,31,46,29
22,2018-08-05,10,31,32,38,39,42,48
23,2018-08-08,6,8,19,21,25,34,38
24,2018-08-11,4,11,12,22,27,46,8
25,2018-08-14,17,18,24,36,39,43,44
26,2018-08-17,4,5,11,28,32,45,37
27,2018-08-20,1,7,13,29,40,45,43
28,2018-08-23,18,22,26,34,35,46,48
29,2018-08-26,12,16,18,19,34,48,27
30,2018-08-29,10,15,20,29,41,43,22
31,2018-09-01,4,10,15,37,39,49,12
32,2018-09-04,4,11,25,28,34,44,31
33,2018-09-07,8,15,18,20,21,49,12
34,2018-09-10,7,14,15,19,20,31,27
35,2018-09-13,1,17,18,22,28,33,45
36,2018-09-16,6,7,27,33,36,45,5
37,2018-09-19,14,19,26,29,45,46,39
38,2018-09-22,3,18,31,38,39,46,5
39,2018-09-25,4,13,26,29,31,36,39
40,2018-09-28,1,4,10,12,34,43,46
41,2018-10-01,10,21,23,26,39,48,33
42,2018-10-04,12,23,24,27,42,47,36
43,2018-10-07,8,17,32,43,46,48,49
44,2018-10-10,3,6,7,8,26,35,31
45,2018-10-13,11,15,23,28,34,48,39
46,2018-10-16,15,16,28,32,41,45,2
47,2018-10-19,3,13,21,31,40,43,41
48,2018-10-22,9,12,13,16,36,44,41
49,2018-10-25,5,10,30,36,37,42,13
50,2018-10-28,4,10,12,16,26,44,46
51,2018-10-31,2,4,18,20,23,47,43
52,2018-11-03,7,16,19,22,27,39,36
53,2018-11-06,3,12,32,38,42,48,22
54,2018-11-09,5,12,20,26,35,41,48
55,2018-11-12,3,6,17,24,26,42,21
56,2018-11-15,6,17,25,35,39,43,8
57,2018-11-18,3,15,26,32,41,45,30
58,2018-11-21,10,13,22,24,25,37,49
59,2018-11-24,12,27,30,31,47,48,39
60,2018-11-27,12,22,27,37,39,48,1
61,2018-11-30,7,8,12,21,34,48,1
62,2018-12-03,21,27,28,30,36,43,16
63,2018-12-06,5,31,32,33,40,47,20
64,2018-12-09,5,15,19,24,45,46,9
65,2018-12-12,2,17,20,21,24,47,9
66,2018-12-15,2,3,9,21,25,27,26
67,2018-12-18,8,11,19,20,22,31,41
68,2018-12-21,8,10,11,24,45,48,38
69,2018-12-24,7,15,22,28,36,46,4
70,2018-12-27,2,19,22,38,45,48,44
71,2018-12-30,1,7,8,26,46,49,9
72,2019-01-02,6,10,27,36,38,47,2
73,2019-01-05,6,18,32,35,40,47,34
74,2019-01-08,9,11,16,20,27,48,44
75,2019-01-11,2,17,27,42,47,49,44
76,2019-01-14,6,17,19,31,32,42,38
77,2019-01-17,5,6,16,17,22,43,41
78,2019-01-20,6,21,26,40,45,49,2
79,2019-01-23,19,23,24,27,36,38,30
80,2019-01-26,9,20,26,36,39,43,2
81,2019-01-29,5,7,20,22,31,33,37
82,2019-02-01,5,7,22,28,31,38,8
83,2019-02-04,14,17,21,28,44,48,23
84,2019-02-07,11,20,21,36,44,47,12
85,2019-02-10,2,11,17,40,41,46,36
86,2019-02-13,11,15,26,34,36,40,45
87,2019-02-16,4,29,32,34,35,39,46
88,2019-02-19,6,18,23,35,37,39,33
89,2019-02-22,8,15,28,29,30,41,9
90,2019-02-25,4,5,10,12,14,28,47
91,2019-02-28,3,10,16,24,34,39,43
92,2019-03-03,4,7,18,20,21,36,16
93,2019-03-06,5,10,15,22,36,39,21
94,2019-03-09,5,15,31,35,41,42,19
95,2019-03-12,8,17,22,27,28,49,9
96,2019-03-15,6,8,20,24,28,49,40
97,2019-03-18,10,11,16,19,24,31,45
98,2019-03-21,5,9,25,29,32,34,16
99,2019-03-24,4,17,20,21,41,44,9
100,2019-03-27,14,15,16,24,25,45,5
101,2019-03-30,1,7,19,20,32,46,31
102,2019-04-02,7,9,21,27,45,47,12
103,2019-04-05,6,10,18,27,34,48,12
104,2019-04-08,8,13,15,19,27,49,31
105,2019-04-11,9,20,21,22,23,49,42
106,2019-04-14,3,15,25,31,32,47,38
107,2019-04-17,8,18,22,31,37,46,2
108,2019-04-20,6,13,20,21,27,43,46
109,2019-04-23,1,10,13,22,32,37,35
110,2019-04-26,3,23,29,35,36,39,38
111,2019-04-29,7,13,25,39,44,47,22
112,2019-05-02,3,22,24,28,32,46,9
113,2019-05-05,4,23,26,28,31,46,24
114,2019-05-08,10,15,25,30,36,48,21
115,2019-05-11,2,13,23,36,41,43,8
116,2019-05-14,5,8,27,40,41,46,12
117,2019-05-17,16,23,24,27,31,34,46
118,2019-05-20,4,22,33,38,40,44,21
119,2019-05-23,1,19,20,22,39,46,41
120,2019-05-26,3,11,13,17,27,31,15
121,2019-05-29,1,8,11,27,34,40,6
122,2019-06-01,8,18,24,30,33,41,2
123,2019-06-04,3,4,10,39,41,42,27
124,2019-06-07,8,32,41,46,47,49,29
125,2019-06-10,2,3,14,34,45,48,43
126,2019-06-13,10,29,36,37,38,46,21
127,2019-06-16,2,9,22,36,42,45,1
128,2019-06-19,25,32,33,34,36,39,23
129,2019-06-22,4,6,25,37,42,49,33
130,2019-06-25,4,10,28,34,37,43,9
131,2019-06-28,5,29,34,44,47,48,30
132,2019-07-01,3,9,12,29,30,42,46
133,2019-07-04,11,24,25,26,44,47,2
134,2019-07-07,16,24,37,42,46,48,14
135,2019-07-10,2,9,10,24,26,42,7
136,2019-07-13,3,10,13,18,19,44,11
137,2019-07-16,7,9,16,32,46,48,23
138,2019-07-19,16,21,24,46,47,49,31
139,2019-07-22,5,9,11,23,41,43,14
140,2019-07-25,7,18,19,30,33,34,49
141,2019-07-28,1,2,6,27,35,47,48
142,2019-07-31,15,25,33,43,46,48,22
143,2019-08-03,2,4,8,26,32,42,48
144,2019-08-06,20,23,40,43,45,49,30
145,2019-08-09,1,22,24,34,40,48,5
146,2019-08-12,4,5,25,26,36,47,44
147,2019-08-15,11,22,24,38,39,44,4
148,2019-08-18,8,16,24,27,29,48,42
149,2019-08-21,19,27,29,38,46,48,37
150,2019-08-24,4,7,18,23,27,30,31
151,2019-08-27,2,5,9,12,45,49,41
152,2019-08-30,5,7,9,30,39,44,14
153,2019-09-02,22,23,41,43,45,47,7
154,2019-09-05,1,2,17,21,32,44,47
155,2019-09-08,1,24,25,37,45,49,19
156,2019-09-11,8,18,32,35,36,47,34
157,2019-09-14,10,14,17,25,40,44,12
158,2019-09-17,9,24,29,32,33,45,31
159,2019-09-20,28,30,31,41,45,48,12
160,2019-09-23,17,24,32,34,46,49,41
161,2019-09-26,26,33,37,40,41,44,16
162,2019-09-29,9,17,32,34,38,46,39
163,2019-10-02,1,6,21,35,43,48,11
164,2019-10-05,1,3,9,16,25,45,46
165,2019-10-08,2,4,16,26,35,49,27
166,2019-10-11,6,8,15,45,47,48,18
167,2019-10-14,19,20,22,24,28,31,9
168,2019-10-17,4,14,19,23,40,41,1
169,2019-10-20,3,9,10,22,23,45,13
170,2019-10-23,1,5,34,35,42,46,31
171,2019-10-26,6,9,13,14,29,34,48
172,2019-10-29,12,17,21,23,38,44,2
173,2019-11-01,23,25,27,31,36,45,29
174,2019-11-04,15,23,28,32,33,45,29
175,2019-11-07,2,4,18,27,32,33,44
176,2019-11-10,4,14,24,28,34,43,36
177,2019-11-13,5,11,29,35,41,45,22
178,2019-11-16,9,23,31,35,41,45,11
179,2019-11-19,1,7,15,23,32,41,44
180,2019-11-22,7,20,22,34,39,41,2
181,2019-11-25,1,2,11,13,31,43,14
182,2019-11-28,1,11,12,15,17,30,20
183,2019-12-01,1,16,28,30,45,46,13
184,2019-12-04,20,32,34,37,39,46,25
185,2019-12-07,6,10,21,34,42,43,16
186,2019-12-10,2,7,28,37,42,45,5
187,2019-12-13,9,11,20,45,47,48,49
188,2019-12-16,2,4,5,28,31,42,35
189,2019-12-19,2,7,17,23,28,43,33
190,2019-12-22,2,9,17,24,31,43,13
191,2019-12-25,1,8,19,21,23,27,37
192,2019-12-28,8,14,16,22,26,47,43
193,2019-12-31,7,18,25,29,44,47,45
194,2020-01-03,6,20,28,29,30,37,4
195,2020-01-06,3,21,26,34,44,49,30
196,2020-01-09,1,7,18,28,30,43,21
197,2020-01-12,1,2,29,37,40,47,3
198,2020-01-15,4,21,33,37,43,45,41
199,2020-01-18,2,4,16,25,40,47,12
200,2020-01-21,7,13,24,30,37,47,4
201,2020-01-24,6,17,23,24,32,37,5
202,2020-01-27,1,9,10,17,29,37,28
203,2020-01-30,16,20,22,36,43,49,2
204,2020-02-02,1,8,15,16,23,49,46
205,2020-02-05,1,7,11,28,34,44,26
206,2020-02-08,2,4,14,32,39,46,36
207,2020-02-11,8,19,22,26,27,46,28
208,2020-02-14,17,21,36,39,47,49,42
209,2020-02-17,7,20,22,34,35,41,12
210,2020-02-20,6,17,24,30,39,45,23
211,2020-02-23,18,26,40,44,47,49,17
212,2020-02-26,10,19,25,37,40,48,30
213,2020-02-29,6,8,14,25,37,38,31
214,2020-03-03,7,9,13,16,24,39,15
215,2020-03-06,1,2,14,23,27,34,19
216,2020-03-09,3,14,15,26,30,37,40
217,2020-03-12,8,16,30,34,40,46,22
218,2020-03-15,7,11,22,39,41,48,38
219,2020-03-18,7,13,14,16,17,27,4
220,2020-03-21,9,25,27,30,32,41,47
221,2020-03-24,8,14,23,26,41,44,21
222,2020-03-27,5,9,19,24,28,36,2
223,2020-03-30,8,12,28,41,45,47,30
224,2020-04-02,3,13,20,24,37,43,34
225,2020-04-05,10,26,39,43,47,49,23
226,2020-04-08,4,11,23,34,36,41,49
227,2020-04-11,3,4,13,30,35,46,17
228,2020-04-14,6,18,25,27,37,48,14
229,2020-04-17,21,29,30,31,43,46,37
230,2020-04-20,8,10,32,35,38,41,34
231,2020-04-23,12,21,26,38,46,47,22
232,2020-04-26,9,13,18,33,38,43,45
233,2020-04-29,12,25,29,33,39,42,22
234,2020-05-02,4,11,21,22,35,36,14
235,2020-05-05,19,21,23,46,48,49,5
236,2020-05-08,2,3,5,8,20,32,7
237,2020-05-11,18,23,32,33,39,44,36
238,2020-05-14,1,7,19,30,36,40,28
239,2020-05-17,5,9,11,12,13,24,25
240,2020-05-20,12,13,14,16,17,44,6
241,2020-05-23,4,8,16,22,31,35,39
242,2020-05-26,2,28,30,41,42,48,27
243,2020-05-29,6,22,31,35,37,46,40
244,2020-06-01,13,18,28,36,40,49,4
245,2020-06-04,5,12,21,26,32,47,9
246,2020-06-07,7,21,22,26,38,42,27
247,2020-06-10,6,30,42,44,46,49,35
248,2020-06-13,3,13,23,29,35,47,38
249,2020-06-16,11,16,17,19,38,47,3
250,2020-06-19,1,7,14,26,27,46,47
251,2020-06-22,10,15,31,33,40,46,38
252,2020-06-25,9,14,15,35,47,49,24
253,2020-06-28,2,11,18,23,32,44,22
254,2020-07-01,15,21,25,32,46,49,47
255,2020-07-04,4,11,12,23,27,31,37
256,2020-07-07,6,21,26,28,42,44,20
257,2020-07-10,12,15,18,20,34,42,45
258,2020-07-13,9,17,38,43,48,49,36
259,2020-07-16,8,10,11,16,41,42,36
260,2020-07-19,2,9,18,28,43,46,15
261,2020-07-22,12,19,25,35,36,44,1
262,2020-07-25,9,31,32,35,39,45,42
263,2020-07-28,4,5,19,24,27,33,12
264,2020-07-31,5,9,32,39,42,48,28
265,2020-08-03,4,19,23,29,31,32,2
266,2020-08-06,4,13,18,25,31,33,39
267,2020-08-09,1,2,4,16,44,49,5
268,2020-08-12,5,16,22,24,25,47,17
269,2020-08-15,2,15,25,30,31,39,22
270,2020-08-18,11,32,34,38,40,44,35
271,2020-08-21,4,10,18,23,33,35,49
272,2020-08-24,12,16,17,25,26,41,7
273,2020-08-27,1,11,20,30,31,35,40
274,2020-08-30,11,15,28,30,31,45,29
275,2020-09-02,5,26,27,30,46,48,36
276,2020-09-05,9,24,26,31,41,48,30
277,2020-09-08,6,15,21,26,29,39,32
278,2020-09-11,10,15,16,21,31,48,19
279,2020-09-14,9,10,26,40,44,48,16
280,2020-09-17,10,18,19,34,40,44,30
281,2020-09-20,9,13,15,30,41,47,38
282,2020-09-23,14,22,25,28,33,45,16
283,2020-09-26,5,6,24,25,39,47,7
284,2020-09-29,15,25,27,37,41,42,39
285,2020-10-02,4,11,12,21,25,33,27
286,2020-10-05,9,10,12,17,19,21,11
287,2020-10-08,10,11,36,38,45,48,43
288,2020-10-11,12,21,26,35,36,48,6
289,2020-10-14,2,6,19,40,41,47,29
290,2020-10-17,2,10,18,33,43,44,11
291,2020-10-20,2,21,29,34,44,48,28
292,2020-10-23,1,14,19,34,44,47,32
293,2020-10-26,4,5,15,23,44,46,11
294,2020-10-29,7,12,14,27,45,47,16
295,2020-11-01,24,26,27,32,33,36,37
296,2020-11-04,4,15,20,25,31,47,10
297,2020-11-07,8,20,22,27,45,47,41
298,2020-11-10,2,6,30,39,47,49,43
299,2020-11-13,7,9,14,40,44,45,21
300,2020-11-16,5,13,14,21,39,48,43
301,2020-11-19,1,9,23,40,48,49,45
302,2020-11-22,3,8,21,38,42,45,15
303,2020-11-25,11,16,23,32,37,47,24
304,2020-11-28,7,17,22,30,41,48,36
305,2020-12-01,4,12,16,24,40,48,22
306,2020-12-04,14,23,25,36,37,43,47
307,2020-12-07,3,4,12,33,42,45,28
308,2020-12-10,14,15,17,27,38,40,30
309,2020-12-13,8,14,21,34,39,42,36
310,2020-12-16,5,12,15,30,45,46,39
311,2020-12-19,8,24,44,46,48,49,13
312,2020-12-22,3,6,7,12,32,41,19
313,2020-12-25,1,20,32,35,41,43,45
314,2020-12-28,2,8,16,23,30,38,28
315,2020-12-31,1,12,32,34,37,38,41
316,2021-01-03,2,11,17,26,29,38,8
317,2021-01-06,8,22,32,38,42,49,24
318,2021-01-09,7,9,14,27,30,38,23
319,2021-01-12,6,12,13,32,39,46,45
320,2021-01-15,7,11,13,30,36,47,40
321,2021-01-18,7,13,15,28,30,33,49
322,2021-01-21,5,20,22,24,28,42,37
323,2021-01-24,1,30,37,43,45,48,14
324,2021-01-27,10,12,21,32,34,41,40
325,2021-01-30,8,12,15,25,43,44,4
326,2021-02-02,1,36,38,39,40,48,45
327,2021-02-05,6,7,28,35,38,43,13
328,2021-02-08,21,22,26,30,31,48,12
329,2021-02-11,3,6,16,29,39,46,12
330,2021-02-14,11,20,29,31,32,39,49
331,2021-02-17,6,14,20,33,35,36,30
332,2021-02-20,9,13,26,27,34,38,20
333,2021-02-23,1,21,24,27,45,47,41
334,2021-02-26,6,16,24,32,40,47,9
335,2021-03-01,17,18,26,28,35,44,33
336,2021-03-04,7,13,17,21,36,45,23
337,2021-03-07,10,14,17,20,28,40,27
338,2021-03-10,9,10,12,17,30,40,47
339,2021-03-13,9,16,25,26,28,32,15
340,2021-03-16,8,19,21,23,27,34,38
341,2021-03-19,1,16,23,32,44,45,26
342,2021-03-22,2,9,13,22,34,39,44
343,2021-03-25,10,26,31,35,36,44,37
344,2021-03-28,2,8,13,22,46,48,24
345,2021-03-31,3,7,8,9,28,30,16
346,2021-04-03,2,5,16,22,38,48,23
347,2021-04-06,18,19,20,25,28,49,46
348,2021-04-09,5,26,27,29,45,46,6
349,2021-04-12,6,7,21,22,25,35,44
350,2021-04-15,11,12,23,24,33,47,25
351,2021-04-18,5,10,17,19,42,45,23
352,2021-04-21,25,26,30,32,35,36,5
353,2021-04-24,6,8,11,19,31,34,41
354,2021-04-27,1,2,5,20,25,40,49
355,2021-04-30,3,14,20,22,39,41,31
356,2021-05-03,7,23,41,43,48,49,47
357,2021-05-06,5,10,13,18,45,48,31
358,2021-05-09,4,8,15,24,35,47,6
359,2021-05-12,1,2,13,21,45,48,6
360,2021-05-15,8,10,15,20,27,32,13
361,2021-05-18,1,3,10,12,13,38,6
362,2021-05-21,8,13,25,26,27,40,16
363,2021-05-24,4,18,19,26,31,48,8
364,2021-05-27,5,7,29,32,44,48,35
365,2021-05-30,10,17,25,30,32,49,20
366,2021-06-02,2,3,18,19,24,43,5
367,2021-06-05,8,12,15,28,37,49,47
368,2021-06-08,9,21,26,33,37,42,6
369,2021-06-11,9,10,14,31,46,48,8
370,2021-06-14,11,14,25,27,31,39,20
371,2021-06-17,3,6,8,10,22,25,33
372,2021-06-20,4,15,21,25,41,45,38
373,2021-06-23,1,7,11,14,31,44,24
374,2021-06-26,17,36,39,41,43,44,3
375,2021-06-29,6,16,19,20,24,44,10
376,2021-07-02,1,11,14,28,35,40,48
377,2021-07-05,1,11,25,29,35,40,37
378,2021-07-08,27,36,39,40,43,49,38
379,2021-07-11,1,4,17,31,41,48,12
380,2021-07-14,29,33,35,43,48,49,40
381,2021-07-17,3,28,29,42,47,48,4
382,2021-07-20,17,19,23,37,38,45,13
383,2021-07-23,23,24,25,27,37,43,20
384,2021-07-26,1,4,21,23,25,38,37
385,2021-07-29,3,15,23,33,40,42,6
386,2021-08-01,2,20,31,43,44,45,18
387,2021-08-04,19,30,31,33,44,47,28
388,2021-08-07,5,13,23,29,46,47,49
389,2021-08-10,12,15,21,32,34,46,7
390,2021-08-13,3,9,24,42,43,48,46
391,2021-08-16,3,4,23,33,34,45,7
392,2021-08-19,8,14,23,25,26,41,16
393,2021-08-22,9,14,33,39,45,47,46
394,2021-08-25,19,24,33,44,46,48,23
395,2021-08-28,4,13,18,25,34,45,6
396,2021-08-31,1,6,26,36,37,40,7
397,2021-09-03,4,6,24,30,36,45,2
398,2021-09-06,9,14,25,31,36,39,6
399,2021-09-09,8,11,20,27,45,46,34
400,2021-09-12,2,8,11,21,23,47,3
401,2021-09-15,1,5,14,21,24,40,46
402,2021-09-18,1,3,6,16,21,48,39
403,2021-09-21,14,16,25,41,42,45,27
404,2021-09-24,17,31,32,36,37,41,10
405,2021-09-27,19,20,30,43,48,49,28
406,2021-09-30,10,26,40,42,43,48,2
407,2021-10-03,6,24,30,32,35,41,2
408,2021-10-06,3,10,11,19,36,45,14
409,2021-10-09,3,4,15,19,23,38,41
410,2021-10-12,7,9,29,33,42,43,19
411,2021-10-15,12,14,37,40,45,48,32
412,2021-10-18,9,13,16,17,38,48,22
413,2021-10-21,6,9,20,33,34,45,29
414,2021-10-24,4,14,15,37,42,44,23
415,2021-10-27,5,6,8,29,33,37,30
416,2021-10-30,10,11,33,37,41,46,6
417,2021-11-02,14,19,21,26,28,39,34
418,2021-11-05,4,8,32,34,42,43,22
419,2021-11-08,2,7,11,26,33,34,16
420,2021-11-11,1,7,19,22,30,43,37
421,2021-11-14,4,7,24,26,30,34,13
422,2021-11-17,1,11,13,14,25,47,27
423,2021-11-20,6,9,26,34,35,41,3
424,2021-11-23,13,14,16,26,31,39,47
425,2021-11-26,9,11,16,29,31,33,25
426,2021-11-29,5,10,20,30,39,43,36
427,2021-12-02,1,20,22,27,28,36,9
428,2021-12-05,7,19,21,22,26,28,44
429,2021-12-08,11,14,26,36,47,48,37
430,2021-12-11,5,9,15,19,24,49,18
431,2021-12-14,3,4,18,29,34,49,6
432,2021-12-17,1,14,17,25,39,41,35
433,2021-12-20,3,16,22,27,39,49,4
434,2021-12-23,3,6,14,24,30,43,36
435,2021-12-26,6,7,8,18,40,44,31
436,2021-12-29,3,7,15,31,38,44,32
437,2022-01-01,1,5,29,32,35,39,21
438,2022-01-04,5,11,15,22,26,47,46
439,2022-01-07,1,5,7,11,14,33,13
440,2022-01-10,5,8,24,25,41,46,33
441,2022-01-13,13,24,28,32,36,44,25
442,2022-01-16,5,6,7,10,23,40,28
443,2022-01-19,7,19,20,30,36,42,48
444,2022-01-22,3,6,23,32,33,48,2
445,2022-01-25,9,15,28,40,41,47,23
446,2022-01-28,4,6,9,38,45,46,2
447,2022-01-31,16,20,23,25,39,49,13
448,2022-02-03,3,5,12,27,35,47,2
449,2022-02-06,1,2,15,37,45,46,3
450,2022-02-09,7,10,25,36,42,44,46
451,2022-02-12,6,16,20,27,40,44,15
452,2022-02-15,4,10,16,42,46,48,7
453,2022-02-18,13,23,27,29,30,41,6
454,2022-02-21,7,12,22,23,30,40,29
455,2022-02-24,2,9,10,22,47,49,45
456,2022-02-27,17,20,22,29,32,49,36
457,2022-03-02,1,10,15,19,27,48,13
458,2022-03-05,4,8,21,28,37,49,15
459,2022-03-08,1,2,9,18,36,41,6
460,2022-03-11,7,18,29,35,43,48,47
461,2022-03-14,9,12,14,15,33,37,49
462,2022-03-17,3,6,13,32,34,47,7
463,2022-03-20,7,10,19,20,30,46,18
464,2022-03-23,15,17,25,34,40,42,20
465,2022-03-26,4,14,17,22,38,47,25
466,2022-03-29,14,22,30,31,32,33,11
467,2022-04-01,13,16,24,29,36,48,10
468,2022-04-04,1,20,27,34,41,44,6
469,2022-04-07,17,22,30,36,39,40,19
470,2022-04-10,5,9,17,18,25,39,46
471,2022-04-13,14,22,26,39,43,47,16
472,2022-04-16,1,5,15,29,33,34,14
473,2022-04-19,3,5,13,16,19,31,41
474,2022-04-22,1,13,21,28,42,47,33
475,2022-04-25,3,8,10,29,30,44,5
476,2022-04-28,2,20,22,34,42,45,18
477,2022-05-01,11,15,19,36,37,41,14
478,2022-05-04,8,10,33,38,44,46,18
479,2022-05-07,18,24,32,33,41,44,49
480,2022-05-10,3,6,25,34,35,43,27
481,2022-05-13,7,13,19,39,46,48,31
482,2022-05-16,6,9,18,35,37,45,30
483,2022-05-19,3,4,21,24,29,34,11
484,2022-05-22,1,5,8,14,26,37,34
485,2022-05-25,6,14,22,27,33,49,16
486,2022-05-28,11,14,18,31,39,44,25
487,2022-05-31,4,18,21,42,48,49,1
488,2022-06-03,16,17,24,27,33,49,23
489,2022-06-06,1,4,10,15,24,28,29
490,2022-06-09,5,10,13,41,42,47,3
491,2022-06-12,1,8,20,25,28,31,2
492,2022-06-15,18,21,27,33,34,43,26
493,2022-06-18,2,11,28,32,42,45,8
494,2022-06-21,14,17,19,26,28,39,49
495,2022-06-24,3,16,30,33,42,43,31
496,2022-06-27,8,13,29,35,43,44,33
497,2022-06-30,18,22,23,25,27,28,36
498,2022-07-03,7,26,28,34,42,47,43
499,2022-07-06,3,13,26,36,38,49,28
500,2022-07-09,22,23,37,43,44,49,16
501,2022-07-12,5,15,33,39,40,42,8
502,2022-07-15,3,4,18,26,33,48,49
503,2022-07-18,1,6,13,22,38,49,42
504,2022-07-21,4,22,25,35,39,44,8
505,2022-07-24,3,8,14,18,27,45,16
506,2022-07-27,2,5,22,27,29,46,40
507,2022-07-30,22,26,29,38,41,46,37
508,2022-08-02,7,17,21,25,28,39,1
509,2022-08-05,9,16,17,26,27,37,31
510,2022-08-08,7,8,10,34,43,44,27
511,2022-08-11,3,23,27,31,37,39,13
512,2022-08-14,14,19,26,29,32,33,38
513,2022-08-17,3,7,14,18,26,36,30
514,2022-08-20,2,5,15,23,32,46,11
515,2022-08-23,2,19,32,36,45,46,37
516,2022-08-26,6,11,22,24,31,34,23
517,2022-08-29,7,13,16,32,39,43,29
518,2022-09-01,6,16,18,26,34,44,5
519,2022-09-04,17,22,23,35,38,39,10
520,2022-09-07,8,9,27,31,37,38,43
521,2022-09-10,4,10,15,31,44,45,42
522,2022-09-13,5,14,31,34,38,44,35
523,2022-09-16,1,2,8,9,38,45,36
524,2022-09-19,1,12,16,32,46,49,10
525,2022-09-22,6,11,23,27,36,37,39
526,2022-09-25,14,16,30,34,42,44,28
527,2022-09-28,1,23,24,39,41,45,31
528,2022-10-01,1,18,21,27,28,36,37
529,2022-10-04,3,6,12,28,33,41,49
530,2022-10-07,8,11,33,38,41,46,20
531,2022-10-10,2,9,26,32,36,43,46
532,2022-10-13,6,15,33,41,48,49,30
533,2022-10-16,13,17,20,29,32,36,39
534,2022-10-19,15,28,34,37,38,47,8
535,2022-10-22,14,16,27,28,33,47,24
536,2022-10-25,2,9,10,17,31,38,45
537,2022-10-28,9,10,17,28,39,43,30
538,2022-10-31,3,5,21,23,41,49,19
539,2022-11-03,2,27,35,38,44,48,5
540,2022-11-06,6,8,15,18,38,44,42
541,2022-11-09,6,16,22,26,32,42,41
542,2022-11-12,3,11,25,40,42,44,8
543,2022-11-15,22,30,32,34,36,44,12
544,2022-11-18,8,11,26,31,32,49,27
545,2022-11-21,10,13,36,43,44,46,49
546,2022-11-24,4,7,15,28,29,36,30
547,2022-11-27,2,5,14,17,28,40,47
548,2022-11-30,1,26,28,29,42,43,36
549,2022-12-03,5,10,14,30,34,43,44
550,2022-12-06,2,5,21,24,42,47,46
551,2022-12-09,9,21,34,36,38,40,23
552,2022-12-12,6,12,13,16,20,45,17
553,2022-12-15,6,13,24,32,41,42,35
554,2022-12-18,8,14,22,26,32,42,29
555,2022-12-21,7,10,11,13,27,46,17
556,2022-12-24,10,13,17,30,34,36,29
557,2022-12-27,13,17,20,27,40,43,29
558,2022-12-30,20,22,23,24,37,47,41
559,2023-01-02,2,3,13,14,32,45,36
560,2023-01-05,5,14,25,26,42,44,10
561,2023-01-08,8,10,15,17,34,49,30
562,2023-01-11,2,4,26,28,32,42,19
563,2023-01-14,1,28,35,36,41,48,23
564,2023-01-17,5,10,20,34,35,47,39
565,2023-01-20,10,12,14,17,25,40,9
566,2023-01-23,7,9,10,16,40,44,13
567,2023-01-26,2,6,7,32,41,46,28
568,2023-01-29,9,13,18,19,31,33,44
569,2023-02-01,8,9,15,16,31,49,38
570,2023-02-04,2,7,9,27,40,41,4
571,2023-02-07,23,26,37,39,42,49,34
572,2023-02-10,17,22,23,25,29,33,6
573,2023-02-13,2,9,19,27,34,48,32
574,2023-02-16,11,16,18,26,28,38,40
575,2023-02-19,2,5,7,8,13,16,38
576,2023-02-22,10,13,26,34,35,45,36
577,2023-02-25,10,12,13,21,24,34,17
578,2023-02-28,1,9,12,23,29,37,28
579,2023-03-03,12,17,21,24,40,43,38
580,2023-03-06,4,8,11,13,40,42,5
581,2023-03-09,1,8,13,15,31,44,39
582,2023-03-12,1,11,13,14,41,45,18
583,2023-03-15,5,9,19,20,30,49,23
584,2023-03-18,10,11,15,30,39,45,49
585,2023-03-21,2,27,41,42,45,48,33
586,2023-03-24,2,29,33,36,40,49,3
587,2023-03-27,5,6,10,22,25,45,12
588,2023-03-30,8,16,21,29,32,44,22
589,2023-04-02,2,3,16,20,25,28,5
590,2023-04-05,12,13,17,27,32,35,49
591,2023-04-08,6,8,9,11,14,44,33
592,2023-04-11,6,8,31,34,38,46,10
593,2023-04-14,6,18,35,36,41,48,46
594,2023-04-17,18,22,32,33,38,44,20
595,2023-04-20,3,4,18,25,28,38,29
596,2023-04-23,11,16,25,32,37,38,4
597,2023-04-26,16,19,35,39,47,49,21
598,2023-04-29,11,19,20,25,32,35,34
599,2023-05-02,11,13,18,29,30,36,16
600,2023-05-05,1,3,31,36,38,40,13
601,2023-05-08,10,13,25,37,46,47,45
602,2023-05-11,28,30,31,33,42,46,32
603,2023-05-14,22,24,26,31,33,36,9
604,2023-05-17,4,5,10,41,42,44,38
605,2023-05-20,10,22,35,38,39,47,27
606,2023-05-23,5,13,24,27,30,39,49
607,2023-05-26,6,13,28,34,40,49,10
608,2023-05-29,4,11,17,25,44,48,8
609,2023-06-01,5,11,15,18,34,40,21
610,2023-06-04,6,11,24,29,34,49,40
611,2023-06-07,1,8,12,15,16,19,32
612,2023-06-10,3,8,19,33,34,47,22
613,2023-06-13,12,19,20,27,40,45,16
614,2023-06-16,5,8,11,26,39,40,21
615,2023-06-19,6,16,17,27,35,43,29
616,2023-06-22,15,16,22,23,29,35,27
617,2023-06-25,7,27,29,40,43,46,45
618,2023-06-28,3,5,6,16,25,49,44
619,2023-07-01,1,22,28,37,40,48,32
620,2023-07-04,3,5,11,32,37,46,49
621,2023-07-07,2,9,12,25,48,49,21
622,2023-07-10,11,26,29,42,43,45,27
623,2023-07-13,2,15,23,25,36,41,5
624,2023-07-16,15,19,23,32,38,44,5
625,2023-07-19,3,8,9,27,29,34,49
626,2023-07-22,2,3,8,13,41,42,6
627,2023-07-25,6,15,24,35,44,49,25
628,2023-07-28,4,11,20,24,25,48,35
629,2023-07-31,5,10,30,38,40,46,27
630,2023-08-03,11,12,22,36,43,47,5
631,2023-08-06,1,6,7,30,37,41,14
632,2023-08-09,3,6,12,36,46,49,7
633,2023-08-12,2,6,13,16,42,45,24
634,2023-08-15,3,4,18,19,36,48,43
635,2023-08-18,2,12,18,23,29,30,16
636,2023-08-21,7,12,24,26,32,35,18
637,2023-08-24,17,19,20,21,22,26,40
638,2023-08-27,4,7,16,28,33,37,11
639,2023-08-30,1,2,12,16,29,47,36
640,2023-09-02,16,18,23,24,44,49,15
641,2023-09-05,3,6,13,17,24,42,16
642,2023-09-08,5,9,13,15,27,43,22
643,2023-09-11,15,20,23,26,28,36,13
644,2023-09-14,15,20,21,32,41,48,4
645,2023-09-17,1,28,30,31,40,49,35
646,2023-09-20,7,11,15,27,33,44,13
647,2023-09-23,13,15,21,42,48,49,33
648,2023-09-26,10,21,23,24,33,41,32
649,2023-09-29,19,22,32,33,40,41,12
650,2023-10-02,4,6,23,24,42,43,37
651,2023-10-05,5,16,32,34,36,38,45
652,2023-10-08,2,5,14,29,34,43,24
653,2023-10-11,4,16,17,31,33,42,49
654,2023-10-14,2,4,16,19,20,25,17
655,2023-10-17,2,8,12,17,29,46,44
656,2023-10-20,11,30,31,32,45,49,10
657,2023-10-23,17,23,44,45,48,49,21
658,2023-10-26,3,14,18,26,46,47,11
659,2023-10-29,1,14,15,19,31,34,13
660,2023-11-01,5,6,20,26,28,39,47
661,2023-11-04,3,6,21,23,35,42,28
662,2023-11-07,14,18,29,32,33,37,38
663,2023-11-10,9,11,12,14,24,38,33
664,2023-11-13,4,18,28,30,43,46,19
665,2023-11-16,5,12,22,25,40,46,26
666,2023-11-19,1,3,11,13,39,45,17
667,2023-11-22,7,14,16,33,41,42,15
668,2023-11-25,19,24,26,28,46,48,34
669,2023-11-28,3,20,25,32,40,43,16
670,2023-12-01,22,34,35,43,44,46,41
671,2023-12-04,5,11,13,27,42,48,34
672,2023-12-07,11,12,28,30,38,44,2
673,2023-12-10,9,12,17,25,29,38,49
674,2023-12-13,2,24,27,28,35,45,23
675,2023-12-16,3,6,7,24,28,34,4
676,2023-12-19,11,16,22,25,35,36,42
677,2023-12-22,2,5,16,21,39,47,31
678,2023-12-25,11,27,29,39,45,46,22
679,2023-12-28,5,8,9,18,19,42,10
680,2023-12-31,6,17,23,28,34,35,15
681,2024-01-03,5,23,26,28,36,43,19
682,2024-01-06,8,12,16,31,36,40,2
683,2024-01-09,2,13,16,19,29,30,44
684,2024-01-12,2,4,10,30,36,46,38
685,2024-01-15,14,20,29,32,33,49,34
686,2024-01-18,12,17,19,20,31,41,32
687,2024-01-21,10,15,17,21,45,49,29
688,2024-01-24,6,11,25,26,44,47,35
689,2024-01-27,5,6,14,35,42,45,26
690,2024-01-30,16,18,21,37,44,49,41
691,2024-02-02,7,20,28,29,32,42,41
692,2024-02-05,4,22,24,38,39,44,25
693,2024-02-08,5,8,14,23,26,43,7
694,2024-02-11,1,7,14,16,40,49,22
695,2024-02-14,1,12,25,26,46,49,19
696,2024-02-17,3,4,6,13,24,30,17
697,2024-02-20,1,24,25,32,35,37,3
698,2024-02-23,5,11,12,16,25,37,48
699,2024-02-26,11,16,27,30,38,39,6
700,2024-02-29,21,24,26,29,41,44,1
701,2024-03-03,7,9,13,26,37,47,36
702,2024-03-06,13,18,19,33,43,45,9
703,2024-03-09,1,4,7,19,24,30,49
704,2024-03-12,4,9,16,35,40,43,23
705,2024-03-15,6,25,28,35,43,46,12
706,2024-03-18,6,13,14,22,29,48,3
707,2024-03-21,6,10,16,20,24,48,4
708,2024-03-24,9,10,11,29,47,49,36
709,2024-03-27,1,2,4,6,8,19,29
710,2024-03-30,2,9,23,24,31,40,29
711,2024-04-02,4,5,28,29,32,37,9
712,2024-04-05,2,9,10,17,33,47,11
713,2024-04-08,2,3,13,17,37,48,10
714,2024-04-11,1,8,10,38,46,47,26
715,2024-04-14,3,25,29,30,37,42,32
716,2024-04-17,3,4,13,25,36,47,33
717,2024-04-20,4,7,8,26,44,46,18
718,2024-04-23,4,9,13,18,39,47,37
719,2024-04-26,4,7,21,27,36,41,28
720,2024-04-29,1,18,22,34,35,41,20
721,2024-05-02,6,11,14,15,24,28,1
722,2024-05-05,5,6,8,16,25,29,38
723,2024-05-08,3,4,14,16,34,38,5
724,2024-05-11,5,6,13,26,31,39,47
725,2024-05-14,8,18,22,38,46,48,30
726,2024-05-17,5,20,23,31,43,49,18
727,2024-05-20,3,13,15,25,26,37,27
728,2024-05-23,2,27,31,39,43,48,22
729,2024-05-26,1,10,20,28,32,39,22
730,2024-05-29,6,11,12,34,36,37,19
731,2024-06-01,4,18,26,38,42,45,5
732,2024-06-04,2,3,34,37,44,46,26
733,2024-06-07,17,18,20,26,41,46,27
734,2024-06-10,8,23,31,40,41,45,10
735,2024-06-13,15,20,23,37,48,49,28
736,2024-06-16,14,16,37,46,48,49,38
737,2024-06-19,2,9,22,25,41,43,5
738,2024-06-22,4,10,28,29,32,40,11
739,2024-06-25,8,25,27,36,41,47,43
740,2024-06-28,8,10,33,38,42,46,15
741,2024-07-01,1,13,19,36,37,49,2
742,2024-07-04,1,4,18,23,25,47,42
743,2024-07-07,4,11,20,26,36,37,41
744,2024-07-10,4,17,20,36,40,42,23
745,2024-07-13,5,30,33,37,43,45,40
746,2024-07-16,4,23,31,34,38,41,19
747,2024-07-19,3,25,26,32,36,46,35
748,2024-07-22,1,8,9,18,37,47,39
749,2024-07-25,14,17,22,26,42,47,38
750,2024-07-28,5,7,9,15,17,24,30
751,2024-07-31,9,12,16,45,48,49,26
752,2024-08-03,2,5,6,14,28,42,29
753,2024-08-06,4,21,31,37,44,48,1
754,2024-08-09,24,28,31,35,44,47,16
755,2024-08-12,1,3,9,26,34,36,15
756,2024-08-15,2,3,9,31,44,46,49
757,2024-08-18,2,3,15,17,41,44,45
758,2024-08-21,2,7,19,22,25,33,17
759,2024-08-24,9,16,23,26,30,41,28
760,2024-08-27,2,13,19,23,30,49,25
761,2024-08-30,7,10,14,25,46,48,11
762,2024-09-02,10,11,28,32,33,34,42
763,2024-09-05,3,6,19,24,26,31,44
764,2024-09-08,10,20,29,31,37,48,38
765,2024-09-11,3,14,24,29,32,33,21
766,2024-09-14,5,9,23,29,31,32,1
767,2024-09-17,1,15,23,30,45,46,34
768,2024-09-20,2,12,23,30,36,43,38
769,2024-09-23,5,9,12,26,27,46,23
770,2024-09-26,11,22,26,27,33,48,49
771,2024-09-29,6,11,16,18,31,34,20
772,2024-10-02,4,6,11,13,20,37,30
773,2024-10-05,9,14,22,28,37,46,38
774,2024-10-08,6,10,30,31,43,44,46
775,2024-10-11,1,4,23,40,46,48,19
776,2024-10-14,3,8,30,36,40,49,16
777,2024-10-17,3,6,13,27,44,46,35
778,2024-10-20,1,3,7,26,27,49,16
779,2024-10-23,4,8,16,20,35,48,1
780,2024-10-26,2,6,14,19,39,46,9
781,2024-10-29,8,11,16,17,32,43,1
782,2024-11-01,15,21,24,30,44,47,9
783,2024-11-04,3,17,21,39,41,49,44
784,2024-11-07,2,19,25,29,43,48,14
785,2024-11-10,8,10,21,32,34,38,15
786,2024-11-13,19,20,25,27,30,47,49
787,2024-11-16,21,27,33,43,46,49,6
788,2024-11-19,12,14,15,35,44,48,13
789,2024-11-22,3,9,19,21,27,32,36
790,2024-11-25,8,26,33,38,41,48,25
791,2024-11-28,2,7,11,14,19,23,20
792,2024-12-01,11,13,39,40,43,46,10
793,2024-12-04,26,33,40,44,45,49,41
794,2024-12-07,4,7,13,18,25,42,28
795,2024-12-10,7,13,15,19,40,48,29
796,2024-12-13,7,26,27,28,36,45,49
797,2024-12-16,3,6,8,14,31,46,47
798,2024-12-19,5,6,9,26,36,44,33
799,2024-12-22,6,7,8,22,33,43,28
800,2024-12-25,4,7,12,16,28,32,5
801,2024-12-28,7,13,32,33,34,35,41
802,2024-12-31,2,8,16,17,25,32,9
803,2025-01-03,2,10,24,36,42,45,5
804,2025-01-06,14,18,19,24,39,40,44
805,2025-01-09,6,13,19,22,28,37,16
806,2025-01-12,16,17,32,36,44,48,40
807,2025-01-15,19,22,26,30,42,44,41
808,2025-01-18,6,17,24,43,46,48,33
809,2025-01-21,9,16,25,32,42,48,46
810,2025-01-24,3,6,12,16,22,24,27
811,2025-01-27,12,30,31,32,45,46,21
812,2025-01-30,23,28,37,39,43,46,38
813,2025-02-02,11,16,17,29,35,45,5
814,2025-02-05,18,23,29,33,39,45,41
815,2025-02-08,13,17,19,43,45,49,33
816,2025-02-11,2,10,23,28,37,44,45
817,2025-02-14,5,6,9,23,25,42,43
818,2025-02-17,5,15,16,29,40,45,44
819,2025-02-20,13,16,17,18,19,30,34
820,2025-02-23,4,6,7,24,35,46,26
821,2025-02-26,2,3,5,8,25,41,1
822,2025-03-01,4,9,17,22,24,25,5
823,2025-03-04,5,11,28,29,47,48,17
824,2025-03-07,7,12,14,35,41,47,46
825,2025-03-10,8,19,30,35,38,43,31
826,2025-03-13,1,7,18,40,44,47,35
827,2025-03-16,1,14,18,24,29,43,9
828,2025-03-19,11,22,34,38,43,44,41
829,2025-03-22,4,6,14,18,20,42,36
830,2025-03-25,4,7,15,30,42,44,2
831,2025-03-28,10,11,15,21,23,48,34
832,2025-03-31,10,34,39,41,43,48,11
833,2025-04-03,1,22,23,35,40,47,46
834,2025-04-06,7,8,11,28,38,42,36
835,2025-04-09,6,15,21,30,33,38,5
836,2025-04-12,17,24,27,41,42,46,29
837,2025-04-15,8,15,17,20,31,41,16
838,2025-04-18,15,20,38,40,41,42,22
839,2025-04-21,15,25,32,39,42,49,23
840,2025-04-24,9,18,23,29,33,49,48
841,2025-04-27,3,5,22,32,34,39,18
842,2025-04-30,18,28,34,42,45,46,33
843,2025-05-03,4,13,26,37,46,49,45
844,2025-05-06,15,16,23,28,31,42,34
845,2025-05-09,3,20,34,35,39,47,10
846,2025-05-12,2,7,27,28,41,48,19
847,2025-05-15,5,9,12,29,43,48,19
848,2025-05-18,11,13,17,22,38,43,37
849,2025-05-21,5,6,12,14,29,47,7
850,2025-05-24,1,17,20,25,28,39,35
851,2025-05-27,8,19,28,29,36,47,43
852,2025-05-30,7,13,16,24,26,30,21
853,2025-06-02,7,25,28,31,35,46,43
854,2025-06-05,2,8,10,23,40,49,13
855,2025-06-08,1,3,10,13,18,32,24
856,2025-06-11,10,17,34,37,40,44,49
857,2025-06-14,3,7,10,28,43,48,25
858,2025-06-17,8,18,21,25,26,32,29
859,2025-06-20,10,13,14,18,20,47,45
860,2025-06-23,12,17,19,32,42,48,28
861,2025-06-26,4,5,8,17,26,46,31
862,2025-06-29,11,20,21,29,37,38,35
863,2025-07-02,18,23,30,32,43,47,17
864,2025-07-05,1,5,16,26,35,40,43
865,2025-07-08,2,12,29,30,31,33,7
866,2025-07-11,5,7,20,27,41,48,28
867,2025-07-14,1,7,9,26,35,37,3
868,2025-07-17,3,4,17,35,41,43,21
869,2025-07-20,2,4,8,26,30,38,7
870,2025-07-23,11,16,26,28,33,35,40
871,2025-07-26,8,10,15,18,30,35,5
872,2025-07-29,8,11,17,30,31,34,2
873,2025-08-01,17,26,38,43,44,48,8
874,2025-08-04,7,10,11,13,32,35,21
875,2025-08-07,5,25,30,35,42,44,39
876,2025-08-10,3,7,11,19,20,45,15
877,2025-08-13,5,15,20,21,28,48,7
878,2025-08-16,15,22,23,31,46,49,25
879,2025-08-19,6,17,29,34,35,48,9
880,2025-08-22,2,5,7,32,44,48,47
881,2025-08-25,11,16,39,41,44,48,49
882,2025-08-28,15,27,35,38,40,43,32
883,2025-08-31,18,23,24,28,38,40,41
884,2025-09-03,7,10,24,27,36,44,46
885,2025-09-06,1,17,26,29,30,31,43
886,2025-09-09,5,12,26,32,37,45,24
887,2025-09-12,21,30,34,36,42,43,9
888,2025-09-15,5,8,13,17,40,41,42
889,2025-09-18,2,7,29,43,44,49,31
890,2025-09-21,7,20,29,32,41,42,8
891,2025-09-24,2,11,19,22,24,40,10
892,2025-09-27,3,8,13,16,21,33,9
893,2025-09-30,3,5,6,7,18,40,16
894,2025-10-03,5,11,17,34,47,49,43
895,2025-10-06,1,4,13,14,26,33,11
896,2025-10-09,1,5,8,27,34,38,17
897,2025-10-12,6,13,16,18,40,42,44
898,2025-10-15,6,12,15,18,37,47,9
899,2025-10-18,14,19,31,34,35,40,18
900,2025-10-21,1,8,9,18,20,30,36
901,2025-10-24,2,17,19,26,28,36,30
902,2025-10-27,3,4,17,20,31,49,40
903,2025-10-30,8,14,19,20,28,30,22
904,2025-11-02,6,7,19,28,33,42,1
905,2025-11-05,15,18,23,28,35,36,22
906,2025-11-08,1,11,12,20,23,47,28
907,2025-11-11,8,27,28,34,44,47,30
908,2025-11-14,9,14,26,30,32,35,11
909,2025-11-17,13,17,29,37,45,48,20
910,2025-11-20,8,9,11,15,23,32,36
911,2025-11-23,7,10,11,23,28,43,32
912,2025-11-26,1,5,14,23,27,30,38
913,2025-11-29,19,24,33,37,39,45,9
914,2025-12-02,2,6,10,13,14,29,26
915,2025-12-05,6,11,13,27,43,45,40
916,2025-12-08,5,15,19,22,23,29,4
917,2025-12-11,8,9,12,22,23,25,16
918,2025-12-14,6,22,23,29,45,48,34
919,2025-12-17,3,17,18,22,23,34,44
920,2025-12-20,7,12,13,21,34,45,36
921,2025-12-23,12,13,19,26,34,49,40
922,2025-12-26,9,10,24,29,33,39,48
923,2025-12-29,2,8,33,34,35,47,19
924,2026-01-01,1,5,14,15,30,45,16
925,2026-01-04,2,18,38,40,42,47,37
926,2026-01-07,16,24,26,27,43,48,47
927,2026-01-10,3,4,21,24,27,28,38
928,2026-01-13,15,26,34,39,40,43,6
929,2026-01-16,9,15,20,23,46,47,26
930,2026-01-19,1,26,28,31,41,48,10
931,2026-01-22,4,11,33,40,42,49,46
932,2026-01-25,3,5,15,18,27,41,31
933,2026-01-28,10,15,21,35,47,49,45
934,2026-01-31,1,19,23,31,38,40,32
935,2026-02-03,6,14,16,17,41,46,39
936,2026-02-06,5,7,16,21,28,39,2
937,2026-02-09,2,14,21,25,39,49,29
938,2026-02-12,11,32,43,45,46,48,4
939,2026-02-15,9,12,26,39,42,45,44
940,2026-02-18,12,16,17,23,30,43,25
941,2026-02-21,6,12,13,29,39,48,34
942,2026-02-24,5,17,29,42,44,48,32
943,2026-02-27,3,6,17,19,25,49,35
944,2026-03-02,5,13,29,30,35,42,47
945,2026-03-05,1,8,12,40,42,48,33
946,2026-03-08,5,6,16,31,38,46,4
947,2026-03-11,2,12,13,23,39,49,21
948,2026-03-14,1,6,16,17,40,41,13
949,2026-03-17,4,16,18,27,31,38,30
950,2026-03-20,2,13,17,23,38,44,33
951,2026-03-23,13,17,27,36,40,49,8
952,2026-03-26,1,23,24,30,34,41,46
953,2026-03-29,3,4,15,21,22,30,28
954,2026-04-01,10,22,34,36,41,48,29
955,2026-04-04,6,9,13,21,26,47,43
956,2026-04-07,9,12,13,14,34,37,27
957,2026-04-10,4,5,15,16,22,45,46
958,2026-04-13,3,8,29,31,35,42,23
959,2026-04-16,5,9,18,36,38,47,29
960,2026-04-19,3,8,9,18,38,47,48
961,2026-04-22,7,19,33,38,40,42,21
962,2026-04-25,2,3,11,31,33,46,34
963,2026-04-28,8,27,30,32,33,38,16
964,2026-05-01,12,15,25,27,29,47,2
965,2026-05-04,20,30,35,39,40,49,10
966,2026-05-07,10,12,13,15,18,25,17
967,2026-05-10,2,8,15,20,28,43,47
968,2026-05-13,1,3,7,11,25,36,42
969,2026-05-16,7,8,10,12,16,36,33
970,2026-05-19,12,30,33,37,38,41,11
971,2026-05-22,1,6,16,23,40,44,49
972,2026-05-25,5,8,24,30,33,47,23
973,2026-05-28,2,4,21,22,34,49,44
974,2026-05-31,2,11,12,14,36,42,39
975,2026-06-03,2,12,27,42,45,46,32
976,2026-06-06,4,24,26,31,40,49,47
977,2026-06-09,10,16,20,22,28,33,13
978,2026-06-12,9,10,12,14,30,31,11
979,2026-06-15,4,9,18,31,44,45,25
980,2026-06-18,3,18,19,30,32,47,34
981,2026-06-21,7,18,24,32,37,49,48
982,2026-06-24,12,27,28,38,40,47,7
983,2026-06-27,4,19,30,33,41,42,22
984,2026-06-30,14,17,18,24,27,28,7
985,2026-07-03,2,6,14,23,31,45,1
986,2026-07-06,5,13,15,36,38,41,40
987,2026-07-09,2,10,29,32,39,49,42
988,2026-07-12,1,9,10,15,25,34,42
989,2026-07-15,3,7,10,37,38,39,28
990,2026-07-18,10,12,17,21,30,40,36
991,2026-07-21,5,14,26,30,39,44,27
992,2026-07-24,25,26,29,31,42,44,35
993,2026-07-27,4,6,25,28,47,49,38
994,2026-07-30,1,6,12,15,34,41,37
995,2026-08-02,8,9,17,38,47,48,49
996,2026-08-05,11,20,27,34,39,40,17
997,2026-08-08,1,18,34,37,41,42,23
998,2026-08-11,4,7,11,19,20,36,28
999,2026-08-14,1,3,6,30,33,37,2
1000,2026-08-17,3,14,27,28,30,38,40
